{"val_loss":0.2854594934731722,"_runtime":10693.372895823,"_wandb":{"runtime":10693},"train_loss":8.649569356748543e-05,"train_acc":1,"epoch":29,"_step":59,"val_acc":0.9414,"_timestamp":1.739015548636349e+09}