{"test_accuracy":0.1084,"_wandb":{"runtime":0},"test_precision":0.037113094703640055,"test_f1_score":0.04689411664340947,"_timestamp":1.73755539748502e+09,"test_recall":0.1084,"_step":1,"Model1_Hog_confusion_matrix":{"sha256":"6b17be4c28b7e1308135f17b591198b78f6e1f3359fa209ca3e37e4c14613186","size":38050,"path":"media/images/Model1_Hog_confusion_matrix_1_6b17be4c28b7e1308135.png","format":"png","width":800,"height":600,"_type":"image-file"},"_runtime":0.814947}