{"Model1_Canny_confusion_matrix":{"format":"png","width":800,"height":600,"_type":"image-file","sha256":"fdc4015982f5fba54d482c6d8e38e01b35b2a312bbe78ec884511f9cd81ec076","size":38286,"path":"media/images/Model1_Canny_confusion_matrix_1_fdc4015982f5fba54d48.png"},"_runtime":0.846657,"test_accuracy":0.1026,"test_precision":0.03176046110192146,"_wandb":{"runtime":0},"test_f1_score":0.03673949132527705,"_step":1,"_timestamp":1.737556017438411e+09,"test_recall":0.1026}