{"Model_Raw_{'hidden_dims': [128, 64], 'dropout': 0.5, 'lr': 0.0001}_train_acc":0.669625,"_step":4,"_timestamp":1.737558327986579e+09,"_runtime":13.338524,"_wandb":{"runtime":13},"Model_Raw_{'hidden_dims': [128, 64], 'dropout': 0.5, 'lr': 0.0001}_val_loss":0.7002351269721985,"Model_Raw_{'hidden_dims': [128, 64], 'dropout': 0.5, 'lr': 0.0001}_train_loss":1.0065599513848622,"epoch":5,"Model_Raw_{'hidden_dims': [128, 64], 'dropout': 0.5, 'lr': 0.0001}_val_acc":0.7656666666666667}