{"_step":1,"test_recall":0.8571,"test_f1_score":0.8581168963587775,"_timestamp":1.737558253559694e+09,"_wandb":{"runtime":1},"test_accuracy":0.8571,"Model1_Canny_confusion_matrix":{"path":"media/images/Model1_Canny_confusion_matrix_1_dafbd3fbfe0dced1ecf4.png","format":"png","width":800,"height":600,"_type":"image-file","sha256":"dafbd3fbfe0dced1ecf43118b7ba3b52c6e11836d7b366d645de448edfb65381","size":43919},"_runtime":0.884492,"test_precision":0.8598318134861657}