{"Model1_Raw_val_acc":0.8481666666666666,"_runtime":31.610346,"Model1_Raw_val_loss":0.4082195078531901,"epoch":10,"_timestamp":1.737557377519508e+09,"Model1_Raw_train_loss":0.4559853844841321,"_step":9,"Model1_Raw_train_acc":0.8354375,"_wandb":{"runtime":31}}