{"test_recall":0.8507,"Model1_Raw_confusion_matrix":{"width":800,"height":600,"_type":"image-file","sha256":"9329a2a1926b1c6603ef19c809495b7d321444d72c3edf51808b9043788f4301","size":41578,"path":"media/images/Model1_Raw_confusion_matrix_1_9329a2a1926b1c6603ef.png","format":"png"},"_wandb":{"runtime":1},"_runtime":1.5140799999999999,"test_f1_score":0.853183889467508,"test_precision":0.8641381770708427,"_step":1,"test_accuracy":0.8507,"_timestamp":1.73755824539071e+09}