{"test_precision":0.13162451322249152,"_wandb":{"runtime":1},"_step":1,"test_accuracy":0.0623,"_timestamp":1.737556009618737e+09,"_runtime":1.218248,"test_recall":0.0623,"test_f1_score":0.03695757475417978,"Model1_Raw_confusion_matrix":{"size":52669,"path":"media/images/Model1_Raw_confusion_matrix_1_825778a9d0dc1202ff1f.png","format":"png","width":800,"height":600,"_type":"image-file","sha256":"825778a9d0dc1202ff1f474e0fae2b94110907305794af2e2d31101bd5933227"}}