{"_timestamp":1.737560026564129e+09,"_step":4,"Model_Raw_{'hidden_dims': [128, 64], 'dropout': 0.5, 'lr': 0.0001}_val_acc":0.7799166666666667,"epoch":5,"_runtime":12.798418999999999,"Model_Raw_{'hidden_dims': [128, 64], 'dropout': 0.5, 'lr': 0.0001}_val_loss":0.6218254791895549,"Model_Raw_{'hidden_dims': [128, 64], 'dropout': 0.5, 'lr': 0.0001}_train_loss":0.9233979424635569,"_wandb":{"runtime":12},"Model_Raw_{'hidden_dims': [128, 64], 'dropout': 0.5, 'lr': 0.0001}_train_acc":0.6750416666666667}