{"_step":4,"Model_Raw_{'hidden_dims': [256, 128], 'dropout': 0.2, 'lr': 0.0005}_val_acc":0.8565833333333334,"epoch":5,"Model_Raw_{'hidden_dims': [256, 128], 'dropout': 0.2, 'lr': 0.0005}_train_loss":0.429119727452596,"_timestamp":1.737560011031491e+09,"_wandb":{"runtime":19},"Model_Raw_{'hidden_dims': [256, 128], 'dropout': 0.2, 'lr': 0.0005}_train_acc":0.8437708333333334,"Model_Raw_{'hidden_dims': [256, 128], 'dropout': 0.2, 'lr': 0.0005}_val_loss":0.3920599489212036,"_runtime":19.379897}