{"_step":1,"test_recall":0.8605,"test_f1_score":0.8606049194024071,"test_accuracy":0.8605,"_runtime":1.057353,"_timestamp":1.73755994215905e+09,"test_precision":0.8608091376652557,"_wandb":{"runtime":1},"Model1_Canny_confusion_matrix":{"format":"png","width":800,"height":600,"_type":"image-file","sha256":"8ab73d45e12418b45a725dbcf5ed3e58b045a4584d3141548ea2f9fb46bd9a62","size":42860,"path":"media/images/Model1_Canny_confusion_matrix_1_8ab73d45e12418b45a72.png"}}