{"_step":4,"Model_Raw_{'hidden_dims': [512, 256], 'dropout': 0.1, 'lr': 0.001}_train_loss":0.4228118322590987,"epoch":5,"Model_Raw_{'hidden_dims': [512, 256], 'dropout': 0.1, 'lr': 0.001}_val_loss":0.41488419942061106,"Model_Raw_{'hidden_dims': [512, 256], 'dropout': 0.1, 'lr': 0.001}_train_acc":0.8480208333333333,"_wandb":{"runtime":28},"_timestamp":1.7375599889211142e+09,"Model_Raw_{'hidden_dims': [512, 256], 'dropout': 0.1, 'lr': 0.001}_val_acc":0.8506666666666667,"_runtime":28.893474}