{"Model1_Raw_val_acc":0.8574166666666667,"_wandb":{"runtime":38},"Model1_Raw_train_acc":0.8404375,"_runtime":38.489214,"_step":9,"epoch":10,"Model1_Raw_train_loss":0.45137695570786796,"Model1_Raw_val_loss":0.4018817427953084,"_timestamp":1.737551460758146e+09}