{"test_f1_score":0.8891340527563981,"test_recall":0.8895,"_step":1,"test_precision":0.8901764707467228,"test_accuracy":0.8895,"_timestamp":1.7375599558657122e+09,"_runtime":0.913965,"Model1_Hog_confusion_matrix":{"_type":"image-file","sha256":"d1f105f7ddb498623edd28d245c0d0c609cc2deac0f9928918bd4737d456e4cd","size":40786,"path":"media/images/Model1_Hog_confusion_matrix_1_d1f105f7ddb498623edd.png","format":"png","width":800,"height":600},"_wandb":{"runtime":1}}