{"val_acc":0.8862,"train_loss":0.01864371304633096,"train_acc":0.99376,"_step":89,"epoch":29,"_runtime":2078.929492606,"val_loss":0.5814372763037682,"_wandb":{"runtime":2079},"_timestamp":1.739338801156215e+09}