{"test_accuracy":0.1026,"_wandb":{"runtime":0},"test_recall":0.1026,"test_precision":0.03176046110192146,"_runtime":0.887418,"Model1_Canny_confusion_matrix":{"sha256":"fdc4015982f5fba54d482c6d8e38e01b35b2a312bbe78ec884511f9cd81ec076","size":38286,"path":"media/images/Model1_Canny_confusion_matrix_1_fdc4015982f5fba54d48.png","format":"png","width":800,"height":600,"_type":"image-file"},"test_f1_score":0.03673949132527705,"_step":1,"_timestamp":1.737555383064212e+09}