{"_runtime":30.523369,"Model1_Raw_val_loss":0.4169310419559479,"_step":9,"Model1_Raw_train_loss":0.4695463137427966,"Model1_Raw_train_acc":0.833125,"epoch":10,"_timestamp":1.7371096597609138e+09,"_wandb":{"runtime":30},"Model1_Raw_val_acc":0.8525}