{"test_recall":0.8874,"_step":1,"_wandb":{"runtime":1},"test_precision":0.8872084828734501,"test_f1_score":0.8867128260076672,"test_accuracy":0.8874,"_timestamp":1.7375582675950541e+09,"_runtime":0.955352,"Model1_Hog_confusion_matrix":{"width":800,"height":600,"_type":"image-file","sha256":"94dd16d1b33973d3223195404b685b415ca22102577e3dc5abaca2bfcaa4bad6","size":41521,"path":"media/images/Model1_Hog_confusion_matrix_1_94dd16d1b33973d32231.png","format":"png"}}