{"Model1_Hog_train_acc":0.9137916666666667,"_wandb":{"runtime":572},"_step":9,"_timestamp":1.737553025449166e+09,"_runtime":572.492914,"Model1_Hog_train_loss":0.2314859325091044,"Model1_Hog_val_acc":0.8840833333333333,"Model1_Hog_val_loss":0.3138390325307846,"epoch":10}