{"test_accuracy":0.1084,"test_precision":0.037113094703640055,"_step":1,"_runtime":0.858834,"test_f1_score":0.04689411664340947,"_timestamp":1.737556030140286e+09,"_wandb":{"runtime":0},"test_recall":0.1084,"Model1_Hog_confusion_matrix":{"_type":"image-file","sha256":"6b17be4c28b7e1308135f17b591198b78f6e1f3359fa209ca3e37e4c14613186","size":38050,"path":"media/images/Model1_Hog_confusion_matrix_1_6b17be4c28b7e1308135.png","format":"png","width":800,"height":600}}