{"test_precision":0.8583010586978453,"test_f1_score":0.8473171560224461,"_wandb":{"runtime":1},"test_accuracy":0.8476,"Model1_Raw_confusion_matrix":{"_type":"image-file","sha256":"e4e17b498c5d024fc2967f48066555edfb2c5d9268112e49b8fb768475214bda","size":42286,"path":"media/images/Model1_Raw_confusion_matrix_1_e4e17b498c5d024fc296.png","format":"png","width":800,"height":600},"_runtime":1.648982,"_step":1,"_timestamp":1.73755993366166e+09,"test_recall":0.8476}