{"Model1_Canny_val_acc":0.8519166666666667,"_wandb":{"runtime":257},"Model1_Canny_val_loss":0.5220842599868775,"epoch":10,"_step":9,"Model1_Canny_train_acc":0.93975,"Model1_Canny_train_loss":0.1657206406146288,"_timestamp":1.73755763838553e+09,"_runtime":257.821681}