{"Model_Raw_{'hidden_dims': [256, 128], 'dropout': 0.2, 'lr': 0.0005}_val_acc":0.863,"_step":4,"_timestamp":1.7375583119208431e+09,"Model_Raw_{'hidden_dims': [256, 128], 'dropout': 0.2, 'lr': 0.0005}_val_loss":0.38923706873257957,"Model_Raw_{'hidden_dims': [256, 128], 'dropout': 0.2, 'lr': 0.0005}_train_loss":0.42521390481789906,"Model_Raw_{'hidden_dims': [256, 128], 'dropout': 0.2, 'lr': 0.0005}_train_acc":0.8481666666666666,"epoch":5,"_wandb":{"runtime":14},"_runtime":14.580899}