{"_wandb":{"runtime":24},"epoch":5,"_timestamp":1.737558294695897e+09,"Model_Raw_{'hidden_dims': [512, 256], 'dropout': 0.1, 'lr': 0.001}_train_acc":0.8449375,"Model_Raw_{'hidden_dims': [512, 256], 'dropout': 0.1, 'lr': 0.001}_val_loss":0.40454552030563357,"_step":4,"Model_Raw_{'hidden_dims': [512, 256], 'dropout': 0.1, 'lr': 0.001}_val_acc":0.85575,"Model_Raw_{'hidden_dims': [512, 256], 'dropout': 0.1, 'lr': 0.001}_train_loss":0.4326753225723902,"_runtime":24.089962}